{
  "ie": {
    "6": 0,
    "7": 0.0017439807231997395,
    "8": 0.00043599518079993487,
    "9": 0,
    "10": 0.00043599518079993487,
    "11": 0.29676738639782235,
    "5.5": 0
  },
  "edge": {
    "12": 0,
    "13": 0.001162653815466493,
    "14": 0.002325307630932986,
    "15": 0.0029066345386662327,
    "16": 0.005086610442665907,
    "17": 0.020927768678396876,
    "18": 0.0975175887722521,
    "79": 0.00043599518079993487,
    "80": 0.0014533172693331163,
    "81": 0.0013079855423998048,
    "83": 0.00029066345386662324,
    "84": 0.0017439807231997395,
    "85": 0.09838957913385198,
    "86": 0.4313445655380689,
    "87": 0.5229035535060552,
    "88": 0.288192814508757,
    "89": 0.3268510538730179,
    "90": 0.20782436951463562,
    "91": 0.2672650458303601,
    "92": 0.138501135767446
  },
  "firefox": {
    "2": 0,
    "3": 0,
    "4": 0,
    "5": 0,
    "6": 0,
    "7": 0.00014533172693331162,
    "8": 0,
    "9": 0,
    "10": 0,
    "11": 0,
    "12": 0,
    "13": 0,
    "14": 0,
    "15": 0,
    "16": 0,
    "17": 0,
    "18": 0,
    "19": 0,
    "20": 0,
    "21": 0,
    "22": 0,
    "23": 0,
    "24": 0,
    "25": 0,
    "26": 0,
    "27": 0,
    "28": 0.00014533172693331162,
    "29": 0,
    "30": 0.00029066345386662324,
    "31": 0,
    "32": 0.00043599518079993487,
    "33": 0,
    "34": 0.00014533172693331162,
    "35": 0,
    "36": 0,
    "37": 0.005958600804265777,
    "38": 0,
    "39": 0,
    "40": 0.00014533172693331162,
    "41": 0,
    "42": 0.0008719903615998697,
    "43": 0.00043599518079993487,
    "44": 0,
    "45": 0.00014533172693331162,
    "46": 0,
    "47": 0,
    "48": 0.011045211246931684,
    "49": 0,
    "50": 0.00014533172693331162,
    "51": 0.00014533172693331162,
    "52": 0.0187477927743972,
    "53": 0,
    "54": 0.00014533172693331162,
    "55": 0.00029066345386662324,
    "56": 0.002325307630932986,
    "57": 0.0030519662655995442,
    "58": 0,
    "59": 0.0021799759039996744,
    "60": 0.00450528353493266,
    "61": 0.002034644177066363,
    "62": 0.00014533172693331162,
    "63": 0.00014533172693331162,
    "64": 0.001162653815466493,
    "65": 0.0015986489962664277,
    "66": 0.0031972979925328554,
    "67": 0.0007266586346665582,
    "68": 0.00450528353493266,
    "69": 0.0008719903615998697,
    "70": 0.0008719903615998697,
    "71": 0.004069288354132726,
    "72": 0.00799324498133214,
    "73": 0.00029066345386662324,
    "74": 0.0008719903615998697,
    "75": 0.0017439807231997395,
    "76": 0.0037786249002661025,
    "77": 0.009591893977598569,
    "78": 0.10783614138451722,
    "79": 0.005231942169599219,
    "80": 0.01424250923946454,
    "81": 0.25462118558716196,
    "82": 0.16596883215784186,
    "83": 0.5409246876457859,
    "84": 0.17323541850450747,
    "85": 0.1274559245205143,
    "86": 0.14954634701437766,
    "87": 0.0925763100565195,
    "88": 0.1262932707050478,
    "89": 0.10522017029971761,
    "90": 0.04258219599146031,
    "91": 0.03051966265599544,
    "92": 0.00014533172693331162,
    "93": 0,
    "3.5": 0,
    "3.6": 0
  },
  "chrome": {
    "4": 0,
    "5": 0,
    "6": 0,
    "7": 0,
    "8": 0,
    "9": 0,
    "10": 0,
    "11": 0,
    "12": 0,
    "13": 0,
    "14": 0,
    "15": 0,
    "16": 0,
    "17": 0,
    "18": 0,
    "19": 0.00014533172693331162,
    "20": 0,
    "21": 0,
    "22": 0,
    "23": 0,
    "24": 0,
    "25": 0.00014533172693331162,
    "26": 0,
    "27": 0,
    "28": 0,
    "29": 0,
    "30": 0,
    "31": 0,
    "32": 0,
    "33": 0,
    "34": 0,
    "35": 0,
    "36": 0,
    "37": 0,
    "38": 0.0013079855423998048,
    "39": 0,
    "40": 0.00014533172693331162,
    "41": 0.00014533172693331162,
    "42": 0,
    "43": 0.00014533172693331162,
    "44": 0.00029066345386662324,
    "45": 0.00014533172693331162,
    "46": 0,
    "47": 0,
    "48": 0.001162653815466493,
    "49": 0.05958600804265776,
    "50": 0.00014533172693331162,
    "51": 0.00014533172693331162,
    "52": 0,
    "53": 0.0005813269077332465,
    "54": 0.00043599518079993487,
    "55": 0.002325307630932986,
    "56": 0.0007266586346665582,
    "57": 0.0061039325311990885,
    "58": 0.0026159710847996095,
    "59": 0.06845124338558978,
    "60": 0.06975922892798958,
    "61": 0.006394595985065711,
    "62": 0.006685259438932336,
    "63": 0.0812404353557212,
    "64": 0.016277153416530903,
    "65": 0.09097766106025308,
    "66": 0.006830591165865646,
    "67": 0.0350249461909281,
    "68": 0.0036332931733327905,
    "69": 0.008283908435198764,
    "70": 0.015695826508797656,
    "71": 0.009301230523731944,
    "72": 0.05551671968852505,
    "73": 0.03560627309866135,
    "74": 0.0074119180735988935,
    "75": 0.013515850604797984,
    "76": 0.056098046596258284,
    "77": 0.01787580241279733,
    "78": 0.08182176226345445,
    "79": 0.06786991647785653,
    "80": 0.0337169606485283,
    "81": 0.023689071490129797,
    "83": 0.12992656387838059,
    "84": 0.08530972370985393,
    "85": 0.9407322684393262,
    "86": 3.627189240801592,
    "87": 3.1221614897083336,
    "88": 1.8801565513362526,
    "89": 1.7322088533181412,
    "90": 1.1466673255038287,
    "91": 1.1805296178792903,
    "92": 0.6349543149716386,
    "93": 0.0005813269077332465,
    "94": 0.00014533172693331162,
    "95": 0
  },
  "safari": {
    "4": 0,
    "5": 0,
    "6": 0,
    "7": 0.00014533172693331162,
    "8": 0.0021799759039996744,
    "9": 0.0005813269077332465,
    "10": 0.0010173220885331814,
    "11": 0.007266586346665581,
    "12": 0.01613182168959759,
    "13": 0.25403985867942874,
    "14": 4.21999735496257,
    "15": 0.012207865062398177,
    "3.1": 0,
    "3.2": 0,
    "5.1": 0,
    "6.1": 0,
    "7.1": 0,
    "9.1": 0.004214620081066037,
    "10.1": 0.036187600006394594,
    "11.1": 0.10260419921491802,
    "12.1": 0.1701834522389079,
    "13.1": 1.236772996202482,
    "14.1": 1.085192005011038,
    "TP": 0
  },
  "opera": {
    "9": 0,
    "11": 0,
    "12": 0,
    "15": 0,
    "16": 0,
    "17": 0,
    "18": 0,
    "19": 0,
    "20": 0,
    "21": 0,
    "22": 0,
    "23": 0,
    "24": 0,
    "25": 0,
    "26": 0,
    "27": 0,
    "28": 0,
    "29": 0,
    "30": 0,
    "31": 0,
    "32": 0,
    "33": 0,
    "34": 0,
    "35": 0,
    "36": 0.0015986489962664277,
    "37": 0,
    "38": 0,
    "39": 0,
    "40": 0,
    "41": 0,
    "42": 0,
    "43": 0,
    "44": 0,
    "45": 0,
    "46": 0,
    "47": 0,
    "48": 0,
    "49": 0,
    "50": 0,
    "51": 0,
    "52": 0,
    "53": 0,
    "54": 0,
    "55": 0,
    "56": 0,
    "57": 0.00014533172693331162,
    "58": 0.00043599518079993487,
    "60": 0,
    "62": 0,
    "63": 0.00014533172693331162,
    "64": 0,
    "65": 0,
    "66": 0,
    "67": 0,
    "68": 0,
    "69": 0,
    "70": 0.0030519662655995442,
    "71": 0.020055778316797005,
    "72": 0.0687419068394564,
    "73": 0.018893124501330513,
    "74": 0.0337169606485283,
    "75": 0.005958600804265777,
    "76": 0.005813269077332465,
    "77": 0.01235319678933149,
    "78": 0.004650615261865972,
    "9.5-9.6": 0,
    "10.0-10.1": 0,
    "10.5": 0,
    "10.6": 0,
    "11.1": 0,
    "11.5": 0,
    "11.6": 0,
    "12.1": 0.0010173220885331814
  },
  "ios_saf": {
    "8": 0.0005813269077332465,
    "3.2": 0,
    "4.0-4.1": 0,
    "4.2-4.3": 0.00029066345386662324,
    "5.0-5.1": 0.00043599518079993487,
    "6.0-6.1": 0.0029066345386662327,
    "7.0-7.1": 0.00450528353493266,
    "8.1-8.4": 0.004795946988799284,
    "9.0-9.2": 0.0062492642581324,
    "9.3": 0.18050200485117304,
    "10.0-10.2": 0.018166465866663956,
    "10.3": 0.18108333175890629,
    "11.0-11.2": 0.1162653815466493,
    "11.3-11.4": 0.13791980885971272,
    "12.0-12.1": 0.22293886911570002,
    "12.2-12.4": 1.5769945689533647,
    "13.0-13.1": 0.19212854300583798,
    "13.2": 0.15216231809917727,
    "13.3": 0.7648808788500191,
    "13.4-13.7": 6.5281558421174255,
    "14.0-14.4": 32.79439484595564,
    "14.5-14.7": 4.434070988735337
  },
  "op_mini": {
    "all": 0.003342629719466168
  },
  "android": {
    "3": 0,
    "4": 0,